{
    "high_level": {
        "mse": {
            "steer": 0.16012689532878754,
            "accel": 0.14393266733963717,
            "brake": 0.2648954770192639
        },
        "rmse": {
            "steer": 0.4001585877234019,
            "accel": 0.37938459027698684,
            "brake": 0.5146799753431873
        },
        "mae": {
            "steer": 0.22821587774183036,
            "accel": 0.19979394972331552,
            "brake": 0.09113986347922443
        },
        "r2": {
            "steer": 0.8367728668372603,
            "accel": 0.8523431356542589,
            "brake": 0.7206643911292772
        },
        "mse_orig": {
            "steer": 0.002572426816349709,
            "accel": 0.02316547301214505,
            "brake": 0.0003885808757007117
        },
        "rmse_orig": {
            "steer": 0.05071909715629517,
            "accel": 0.15220207952634895,
            "brake": 0.019712454836998655
        },
        "mae_orig": {
            "steer": 0.028926746701032808,
            "accel": 0.08015792830707037,
            "brake": 0.0034907385343458594
        },
        "r2_orig": {
            "steer": 0.8367632376337175,
            "accel": 0.8523382442056313,
            "brake": 0.7206747349096597
        }
    },
    "tactical": {
        "mse": {
            "steer": 0.15014178980365914,
            "accel": 0.12931160815151788,
            "brake": 0.2530288961937971
        },
        "rmse": {
            "steer": 0.38748134123291555,
            "accel": 0.35959923269039085,
            "brake": 0.5030197771398229
        },
        "mae": {
            "steer": 0.23481654690504108,
            "accel": 0.17792959126252617,
            "brake": 0.08584735901478308
        },
        "r2": {
            "steer": 0.8469512953008085,
            "accel": 0.867342508576577,
            "brake": 0.7331778497107325
        },
        "mse_orig": {
            "steer": 0.0024119873750557807,
            "accel": 0.020812118526216075,
            "brake": 0.00037119488204149717
        },
        "rmse_orig": {
            "steer": 0.04911198809919815,
            "accel": 0.14426405833129774,
            "brake": 0.019266418505822433
        },
        "mae_orig": {
            "steer": 0.029763649572064094,
            "accel": 0.07140061374015708,
            "brake": 0.0032879886830725325
        },
        "r2_orig": {
            "steer": 0.8469441356037672,
            "accel": 0.8673390367738056,
            "brake": 0.7331723836397004
        }
    },
    "low_level": {
        "mse": {
            "steer": 0.39068958179119695,
            "accel": 0.18086468622813212,
            "brake": 0.7742551295320941
        },
        "rmse": {
            "steer": 0.6250516632976805,
            "accel": 0.4252818903129219,
            "brake": 0.87991768338413
        },
        "mae": {
            "steer": 0.32362857513349114,
            "accel": 0.23530073423882641,
            "brake": 0.11509382848554942
        },
        "r2": {
            "steer": 0.6017462259454545,
            "accel": 0.8144555163679101,
            "brake": 0.18353823756152832
        },
        "mse_orig": {
            "steer": 0.006275326937748881,
            "accel": 0.029117566150684334,
            "brake": 0.0011357460402669748
        },
        "rmse_orig": {
            "steer": 0.07921696117466814,
            "accel": 0.1706387006241091,
            "brake": 0.03370083144771023
        },
        "mae_orig": {
            "steer": 0.04101624963227487,
            "accel": 0.09443465548223841,
            "brake": 0.0044082107921926015
        },
        "r2_orig": {
            "steer": 0.6017907893054759,
            "accel": 0.8143983099324335,
            "brake": 0.1835867804847402
        }
    },
    "gear_selection": {
        "error": "Found array with dim 3. None expected <= 2."
    },
    "corner_handling": {
        "mse": {
            "steer": 0.3904204680766811,
            "accel": 0.27435149579330326,
            "brake": 0.7762627147149809
        },
        "rmse": {
            "steer": 0.6248363530370821,
            "accel": 0.5237857346218043,
            "brake": 0.881057724961867
        },
        "mae": {
            "steer": 0.31943721347559517,
            "accel": 0.29797919599995243,
            "brake": 0.1280749710378608
        },
        "r2": {
            "steer": 0.6020205500059128,
            "accel": 0.7185497750707837,
            "brake": 0.18142121376130405
        },
        "mse_orig": {
            "steer": 0.006270598461156832,
            "accel": 0.04416095322306196,
            "brake": 0.0011387005791939203
        },
        "rmse_orig": {
            "steer": 0.07918711044833517,
            "accel": 0.21014507660914153,
            "brake": 0.03374463778430464
        },
        "mae_orig": {
            "steer": 0.04048485907388494,
            "accel": 0.11956727886948851,
            "brake": 0.004905413258366471
        },
        "r2_orig": {
            "steer": 0.6020908410717323,
            "accel": 0.7185084937807407,
            "brake": 0.18146295653817934
        }
    }
}